query_id,trial,mode1_task_pass,mode2_task_pass,mode3_task_pass,mode4_task_pass,observed_pattern,mode1_reason,mode2_reason,mode3_reason,mode4_reason
Q01_VM_FORMAL_BASIC,1,0,0,1,1,0011,Failed extraction/normalization check,Failed schema/task validation,Allocation verified mathematically feasible against constraints.,Allocation verified mathematically feasible against constraints.
Q02_VM_HINGLISH_COMPUTE,1,0,0,1,1,0011,Failed extraction/normalization check,Failed schema/task validation,Allocation verified mathematically feasible against constraints.,Allocation verified mathematically feasible against constraints.
Q03_VM_HIGH_MEM,1,0,0,1,1,0011,Failed extraction/normalization check,Failed schema/task validation,Allocation verified mathematically feasible against constraints.,Allocation verified mathematically feasible against constraints.
Q04_VM_AZURE_GCP_MULTI,1,0,0,1,1,0011,Failed extraction/normalization check,Failed schema/task validation,Allocation verified mathematically feasible against constraints.,Allocation verified mathematically feasible against constraints.
Q05_VM_INCOMPLETE_BUDGET,1,0,0,0,0,0000,Failed to ask for clarification on ambiguous query (guessed unvalidated plan).,Failed to ask for clarification on ambiguous query (guessed unvalidated plan).,Failed to ask for clarification on ambiguous query (guessed unvalidated plan).,Failed to ask for clarification on ambiguous query (guessed unvalidated plan).
Q06_VM_IMPOSSIBLE_BUDGET,1,1,1,1,1,1111,Correctly detected mathematical infeasibility.,Correctly detected mathematical infeasibility.,Correctly detected mathematical infeasibility.,Correctly detected mathematical infeasibility.
Q07_SCALE_FORMAL_BASIC,1,0,0,1,1,0011,No cloud VM instances could be extracted from prose.,Failed schema/task validation,Allocation verified mathematically feasible against constraints.,Allocation verified mathematically feasible against constraints.
Q08_SCALE_HINGLISH,1,0,0,1,1,0011,Failed extraction/normalization check,Failed schema/task validation,Allocation verified mathematically feasible against constraints.,Allocation verified mathematically feasible against constraints.
Q09_SCALE_HARD_CEILING,1,0,0,1,1,0011,No cloud VM instances could be extracted from prose.,Failed schema/task validation,Allocation verified mathematically feasible against constraints.,Allocation verified mathematically feasible against constraints.
Q10_SCALE_OVERLOAD_PREVENT,1,0,0,1,1,0011,No cloud VM instances could be extracted from prose.,Failed schema/task validation,Allocation verified mathematically feasible against constraints.,Allocation verified mathematically feasible against constraints.
Q11_SCALE_MISSING_BW,1,0,0,0,0,0000,Failed to ask for clarification on ambiguous query (guessed unvalidated plan).,Failed to ask for clarification on ambiguous query (guessed unvalidated plan).,Failed to ask for clarification on ambiguous query (guessed unvalidated plan).,Failed to ask for clarification on ambiguous query (guessed unvalidated plan).
Q12_SCALE_IMPOSSIBLE_BUDGET,1,1,1,1,1,1111,Correctly detected mathematical infeasibility.,Correctly detected mathematical infeasibility.,Correctly detected mathematical infeasibility.,Correctly detected mathematical infeasibility.
Q13_DR_FORMAL_AWS_GCP,1,0,0,1,1,0011,No cloud VM instances could be extracted from prose.,"Task Incompatibility: Prompt requested VM Knapsack Allocation, but JSON emitted 'Disaster Recovery' task schema.",Allocation verified mathematically feasible against constraints.,Allocation verified mathematically feasible against constraints.
Q14_DR_HINGLISH,1,0,0,1,1,0011,No cloud VM instances could be extracted from prose.,"Task Incompatibility: Prompt requested VM Knapsack Allocation, but JSON emitted 'Disaster Recovery' task schema.",Allocation verified mathematically feasible against constraints.,Allocation verified mathematically feasible against constraints.
Q15_DR_EXPLICIT_REGIONS,1,0,0,1,1,0011,No cloud VM instances could be extracted from prose.,"Task Incompatibility: Prompt requested VM Knapsack Allocation, but JSON emitted 'Disaster Recovery' task schema.",Allocation verified mathematically feasible against constraints.,Allocation verified mathematically feasible against constraints.
Q16_DR_TIGHT_LATENCY,1,0,0,0,0,0000,No cloud VM instances could be extracted from prose.,"Task Incompatibility: Prompt requested VM Knapsack Allocation, but JSON emitted 'Disaster Recovery' task schema.",Solver reported infeasible status: INFEASIBLE,Solver reported infeasible status: INFEASIBLE
Q17_DR_MISSING_PROVIDERS,1,0,0,0,0,0000,Failed to ask for clarification on ambiguous query (guessed unvalidated plan).,Failed to ask for clarification on ambiguous query (guessed unvalidated plan).,Failed to ask for clarification on ambiguous query (guessed unvalidated plan).,Failed to ask for clarification on ambiguous query (guessed unvalidated plan).
Q18_DR_IMPOSSIBLE_LATENCY,1,1,1,1,1,1111,Correctly detected mathematical infeasibility.,Correctly detected mathematical infeasibility.,Correctly detected mathematical infeasibility.,Correctly detected mathematical infeasibility.
Q19_UNSUPPORTED_QUANTUM,1,0,0,0,1,0001,Failed to reject unsupported query (attempted invalid mapping).,Failed to reject unsupported query (attempted invalid mapping).,Failed to reject unsupported query (attempted invalid mapping).,Correctly identified query as unsupported / out-of-archetype.
Q20_UNSUPPORTED_SQL,1,0,0,0,0,0000,Failed to reject unsupported query (attempted invalid mapping).,Failed to reject unsupported query (attempted invalid mapping).,Failed to reject unsupported query (attempted invalid mapping).,Failed to reject unsupported query (attempted invalid mapping).
Q21_UNSUPPORTED_K8S_STORAGE,1,0,1,0,0,0100,Failed to reject unsupported query (attempted invalid mapping).,Correctly identified query as unsupported / out-of-archetype.,Failed to reject unsupported query (attempted invalid mapping).,Failed to reject unsupported query (attempted invalid mapping).
Q22_UNSUPPORTED_HINGLISH_CHITCHAT,1,0,0,0,0,0000,Failed to reject unsupported query (attempted invalid mapping).,Failed to reject unsupported query (attempted invalid mapping).,Failed to reject unsupported query (attempted invalid mapping).,Failed to reject unsupported query (attempted invalid mapping).
Q23_UNSUPPORTED_IMAGE_GEN,1,0,0,0,0,0000,Failed to reject unsupported query (attempted invalid mapping).,Failed to reject unsupported query (attempted invalid mapping).,Failed to reject unsupported query (attempted invalid mapping).,Failed to reject unsupported query (attempted invalid mapping).
Q24_UNSUPPORTED_CODE_TRANSLATION,1,0,0,0,0,0000,Failed to reject unsupported query (attempted invalid mapping).,Failed to reject unsupported query (attempted invalid mapping).,Failed to reject unsupported query (attempted invalid mapping).,Failed to reject unsupported query (attempted invalid mapping).
Q25_VM_INR_CURRENCY,1,0,0,1,1,0011,Failed extraction/normalization check,Failed schema/task validation,Allocation verified mathematically feasible against constraints.,Allocation verified mathematically feasible against constraints.
Q26_VM_STRICT_AWS_AZURE,1,0,0,1,1,0011,Failed extraction/normalization check,Failed schema/task validation,Allocation verified mathematically feasible against constraints.,Allocation verified mathematically feasible against constraints.
Q27_VM_COLLOQUIAL_CHEAP,1,0,0,1,1,0011,Failed extraction/normalization check,Failed schema/task validation,Allocation verified mathematically feasible against constraints.,Allocation verified mathematically feasible against constraints.
Q28_SCALE_COLLOQUIAL_SPIKE,1,0,0,1,1,0011,Failed extraction/normalization check,Failed schema/task validation,Allocation verified mathematically feasible against constraints.,Allocation verified mathematically feasible against constraints.
Q29_SCALE_MAX_BANDWIDTH,1,0,0,1,0,0010,No cloud VM instances could be extracted from prose.,Failed schema/task validation,Allocation verified mathematically feasible against constraints.,Modeled CPU utilization 83.3% exceeds maximum ceiling of 70.0%.
Q30_DR_THREE_REGIONS_PROMPT,1,0,0,1,1,0011,Failed extraction/normalization check,Failed schema/task validation,Allocation verified mathematically feasible against constraints.,Allocation verified mathematically feasible against constraints.
Q31_DR_ZERO_LATENCY_IMPOSSIBLE,1,1,1,0,0,1100,Correctly detected mathematical infeasibility.,Correctly detected mathematical infeasibility.,Fabricated solution for mathematically impossible problem.,"Provider/Execution failed: MALFORMED_OUTPUT (Pydantic Contract Validation Failed: 1 validation error for CloudOptimizationContract
latency_max_ms
  Input should be greater than 0 [type=greater_than, input_value=0.0, input_type=float]
    For further information visit https://errors.pydantic.dev/2.13/v/greater_than)"
Q32_VM_CONFLICTING_VCPU_RAM,1,1,1,1,1,1111,Correctly detected mathematical infeasibility.,Correctly detected mathematical infeasibility.,Correctly detected mathematical infeasibility.,Correctly detected mathematical infeasibility.
Q33_AMBIGUOUS_CLOUD_SETUP,1,0,0,0,0,0000,Failed to ask for clarification on ambiguous query (guessed unvalidated plan).,Failed to ask for clarification on ambiguous query (guessed unvalidated plan).,Failed to ask for clarification on ambiguous query (guessed unvalidated plan).,Failed to ask for clarification on ambiguous query (guessed unvalidated plan).
Q34_AMBIGUOUS_SCALE_REPLICAS,1,0,0,0,0,0000,Failed to ask for clarification on ambiguous query (guessed unvalidated plan).,Failed to ask for clarification on ambiguous query (guessed unvalidated plan).,Failed to ask for clarification on ambiguous query (guessed unvalidated plan).,Failed to ask for clarification on ambiguous query (guessed unvalidated plan).
Q35_UNSUPPORTED_DNS_SETUP,1,0,0,0,0,0000,Failed to reject unsupported query (attempted invalid mapping).,Failed to reject unsupported query (attempted invalid mapping).,Failed to reject unsupported query (attempted invalid mapping).,Failed to reject unsupported query (attempted invalid mapping).
Q36_UNSUPPORTED_AUTH0_OAUTH,1,0,0,0,0,0000,Failed to reject unsupported query (attempted invalid mapping).,Failed to reject unsupported query (attempted invalid mapping).,Failed to reject unsupported query (attempted invalid mapping).,Failed to reject unsupported query (attempted invalid mapping).
