query_id,mode,observed_fields,expected_behavior,evidence_source,severity,proposed_investigation,changes_published_conclusion
Q19_SCALING_CONFLICTING_CPU_TARGET_CEILING,Mode 3,"task_success=1.0; explain_label=WRONG_OUTCOME; normalization_status=SUCCESS; expected_outcome=CONFLICTING_REQUIREMENTS; plan_valid=True","Expected task_success=0 (FAILURE). Query specifies target CPU 70% vs strict maximum CPU ceiling 60% (target > ceiling), which Mode 3 ignored, returning an unconstrained plan. Evaluator fell through to line 776 and awarded success.","run_all_modes_comparative.py:776 and study_run_02.csv:L78",P0,"Fix evaluate_task_outcome() to check if expected_outcome == CONFLICTING_REQUIREMENTS and penalize plan generation as FAILURE.","YES - Decreases Mode 3 accuracy from 82.8% (24/29) to 79.3% (23/29)"
Q19_SCALING_CONFLICTING_CPU_TARGET_CEILING,Mode 4,"task_success=""""; mode_outcome=PLAN; normalization_status=NORMALIZATION_FAILURE; explain_label=CORRECT_REFUSAL; proof_status=Conflicting Requirements; expected_outcome=CONFLICTING_REQUIREMENTS; plan_valid=False","Expected task_success=1.0 (CORRECT_REFUSAL). Mode 4 neural extractor and validator correctly detected the conflict (target 70% > ceiling 60%) and refused plan generation, but evaluator left task_success blank due to missing exception handler branch.","run_all_modes_comparative.py:749-776 and study_run_02.csv:L75",P0,"Update evaluator to map valid refusal of conflicting requirements in Mode 4 to CORRECT_REFUSAL with task_success=1.0.","YES - Increases Mode 4 accuracy from 86.2% (25/29) to 89.7% (26/29)"
Q11_DR_AWS_GCP_50MS_600USD_FEASIBLE,Mode 2,"task_success=0.0; explain_label=WRONG_PLAN; normalization_status=TASK_INCOMPATIBLE; requested_problem_type=ILP_VM_Allocation","Mode 2 emitted valid DR JSON (us-east-1, us-central1, $243.00, latency 32ms <= 50ms, SLA 99.99%), but evaluator graded it against SCOPE parser fallback default (ILP_VM_Allocation) after SCOPE failed on text.","run_all_modes_comparative.py:575-585, raw JSON: Q11_mode2_trial1.json",P0,"Decouple Mode 2 grading from SCOPE parser fallback; check Mode 2 schema output directly against manifest ground-truth archetype.","YES - Increases Mode 2 score (Verified Valid Success)"
Q12_DR_HINGLISH_DIGITS_50MS_600USD,Mode 2,"task_success=0.0; explain_label=WRONG_PLAN; normalization_status=TASK_INCOMPATIBLE; requested_problem_type=ILP_VM_Allocation","Mode 2 emitted valid DR schema (us-east-1, us-central1, $243.00) on Hinglish query, but was penalized because SCOPE parser failed on text and defaulted to ILP_VM_Allocation.","run_all_modes_comparative.py:575-585, raw JSON: Q12_mode2_trial1.json",P0,"Evaluate Mode 2 against manifest ground-truth archetype rather than SCOPE parser runtime fallback.","YES - Increases Mode 2 score (Verified Valid Success)"
Q16_DR_MISSING_BUDGET,Mode 2,"task_success=0.0; explain_label=WRONG_OUTCOME; normalization_status=TASK_INCOMPATIBLE; requested_problem_type=ILP_VM_Allocation","Query was CLARIFICATION_REQUIRED. Mode 2 hallucinated a plan (us-east-1, us-central1, $243.00) instead of requesting clarification. Remains a legitimate failure.","raw JSON: Q16_mode2_trial1.json",P1,"Confirm failure status: Mode 2 failed to request clarification for missing budget/SLA parameters.","NO - Confirmed True Failure (Score remains 0.0)"
Q17_SCALING_300MBPS_60CPU_FEASIBLE,Mode 2,"task_success=0.0; explain_label=WRONG_PLAN; normalization_status=TASK_INCOMPATIBLE; requested_problem_type=ILP_VM_Allocation","Mode 2 emitted valid Continuous Scaling schema (7 replicas, bandwidth 300 Mbps, CPU <= 60%, cost $339.00 <= $1500), but was penalized by SCOPE fallback to ILP.","run_all_modes_comparative.py:575-585, raw JSON: Q17_mode2_trial1.json",P0,"Evaluate Mode 2 against manifest ground-truth archetype rather than SCOPE parser runtime fallback.","YES - Increases Mode 2 score (Verified Valid Success)"
Q18_SCALING_HINGLISH_300MBPS_60CPU,Mode 2,"task_success=0.0; explain_label=WRONG_PLAN; normalization_status=TASK_INCOMPATIBLE; requested_problem_type=ILP_VM_Allocation","Mode 2 emitted valid Continuous Scaling schema (7 replicas, cost $339.00 <= $1500) on Hinglish query, but was penalized by SCOPE fallback to ILP.","run_all_modes_comparative.py:575-585, raw JSON: Q18_mode2_trial1.json",P0,"Evaluate Mode 2 against manifest ground-truth archetype rather than SCOPE parser runtime fallback.","YES - Increases Mode 2 score (Verified Valid Success)"
Q21_SCALING_MISSING_WORKLOAD,Mode 2,"task_success=0.0; explain_label=WRONG_OUTCOME; normalization_status=TASK_INCOMPATIBLE; requested_problem_type=ILP_VM_Allocation","Query was CLARIFICATION_REQUIRED (missing traffic). Mode 2 fabricated 840 Mbps / 16 replicas ($787.20) instead of requesting clarification. Remains a legitimate failure.","raw JSON: Q21_mode2_trial1.json",P1,"Confirm failure status: Mode 2 failed to request clarification for missing workload bandwidth.","NO - Confirmed True Failure (Score remains 0.0)"
Q29_BOUNDARY_DR_UNDER_250_FEASIBLE,Mode 2,"task_success=0.0; explain_label=WRONG_PLAN; normalization_status=TASK_INCOMPATIBLE; requested_problem_type=ILP_VM_Allocation","Mode 2 emitted valid DR schema (us-east-1, us-central1, cost $243.00 <= $250), but was penalized by SCOPE fallback to ILP.","run_all_modes_comparative.py:575-585, raw JSON: Q29_mode2_trial1.json",P0,"Evaluate Mode 2 against manifest ground-truth archetype rather than SCOPE parser runtime fallback.","YES - Increases Mode 2 score (Verified Valid Success)"
Q04_VM_AWS_16VCPU_64GB_INFEASIBLE,Mode 1,"task_success=""""; mode_outcome=PLAN; normalization_status=AMBIGUOUS; explain_label=WRONG_OUTCOME","Mode 1 provided a detailed natural language explanation proving 16 vCPU/64GB costs >= $560.64 (exceeding $450 budget), refusing to allocate an infeasible plan. Evaluator emitted blank task_success.","study_run_02.csv:L12, raw text: Q04_mode1_trial1.txt",P1,"Adjudicate whether natural language refusals without structured schema earn task success.","Unresolved: Score is 0 under strict schema, 1 under prose refusal policy"
Q07_VM_AWS_MISSING_BUDGET,Mode 4,"task_success=""""; mode_outcome=PLAN; normalization_status=MALFORMED_OUTPUT; explain_label=WRONG_OUTCOME; proof_status=Infeasible","Mode 4 neural extractor extracted budget_max_usd=null but set interpretation_outcome='ready' instead of 'needs_clarification', causing solver failure. Evaluator emitted blank task_success.","study_run_02.csv:L27, raw JSON: Q07_mode4_trial1.json",P1,"Explicitly assign task_success=0.0 for Mode 4 clarification failure.","NO - Confirmed True Failure (Score is explicitly 0.0)"
Q14_DR_AWS_GCP_100USD_INFEASIBLE,Mode 1,"task_success=""""; mode_outcome=PLAN; normalization_status=NORMALIZATION_FAILURE; explain_label=WRONG_OUTCOME","Mode 1 stated in prose that AWS-GCP DR cannot be built for <= $100/mo (minimum cost $235), but regex extraction failed.","study_run_02.csv:L52, raw text: Q14_mode1_trial1.txt",P1,"Adjudicate whether natural language refusals earn task success.","Unresolved: Score is 0 under strict schema, 1 under prose refusal policy"
Q20_SCALING_1000MBPS_30CPU_INFEASIBLE,Mode 1,"task_success=""""; mode_outcome=PLAN; normalization_status=AMBIGUOUS; explain_label=WRONG_OUTCOME","Mode 1 stated in prose that 1000 Mbps at <= 30% CPU requires >= 45 replicas (exceeding the 16 replica limit), refusing the request. Grader emitted blank task_success.","study_run_02.csv:L76, raw text: Q20_mode1_trial1.txt",P1,"Adjudicate whether natural language refusals earn task success.","Unresolved: Score is 0 under strict schema, 1 under prose refusal policy"
Q23_UNSUPPORTED_BIRYANI_RECIPE,Mode 1,"task_success=""""; mode_outcome=PLAN; normalization_status=NORMALIZATION_FAILURE; explain_label=CORRECT_REFUSAL","Mode 1 emitted standard conversational refusal ('I’m sorry, but I can’t help with that.'). Explain_label is CORRECT_REFUSAL, but grader left task_success blank.","study_run_02.csv:L88, raw text: Q23_mode1_trial1.txt",P1,"Explicitly record task_success=1.0 for valid out-of-domain refusal in Mode 1.","YES - Resolves blank to 1.0 for out-of-domain refusal"
Q28_BOUNDARY_DR_UNDER_240_INFEASIBLE,Mode 1,"task_success=""""; mode_outcome=PLAN; normalization_status=AMBIGUOUS; explain_label=WRONG_OUTCOME","Mode 1 stated in prose that DR under $240 is infeasible (cheapest pair is $243.00), refusing the request. Grader emitted blank task_success.","study_run_02.csv:L108, raw text: Q28_mode1_trial1.txt",P1,"Adjudicate whether natural language refusals earn task success.","Unresolved: Score is 0 under strict schema, 1 under prose refusal policy"
Q10_VM_HINGLISH_GCP_AZURE_8VCPU_32GB,Mode 4,"interpretation_match=False; interpretation_mismatch_fields=""required_ram_gb: expected 32.0, extracted 48.0""; explain_label=RIGHT_ANSWER_WRONG_READING; task_success=1.0","Neural extractor extracted 48 GB RAM (the capacity of 3x e2-standard-4) instead of the 32 GB requested, yet solver solved it and found the optimal plan.","study_run_02.csv:L98, nvidia_extractor.py",P2,"Audit prompt to distinguish requested capacity from allocated tier capacity.","NO - Telemetry is accurate (RIGHT_ANSWER_WRONG_READING)"
GLOBAL_PSO_PROOF_TELEMETRY,Mode 3/4,"proof_status=PROVED_OPTIMAL / PROVED_FEASIBLE on PSO continuous scaling runs","PSO is a stochastic meta-heuristic, not an exact mathematical solver; calling its convergence a proof is epistemologically inaccurate.","pso_solver.py, proof_engine.py",P2,"Differentiate heuristic convergence certificates (PSO/GA) from exact mathematical optimality proofs (HiGHS MILP / Z3 SMT).","NO - Improves scientific precision of telemetry and claims"
EVALUATOR_SOLVER_COUPLING,ALL,"IndependentChecker imports same local SQLite database and assumes 730h/month constant and zero egress pricing","Evaluation checker is coupled to the specific domain modeling assumptions of the solvers under test.","independent_checker.py, data/cloud_finops.db",P2,"Formally document evaluator assumptions and scope as a domain-specific synthetic benchmark.","NO - Contextualizes external validity of benchmark"
