query_id,split,category,query_text,expected_outcome,expected_cost_usd,mode1_label,mode1_cost_usd,mode2_label,mode2_cost_usd,mode3_label,mode3_cost_usd,mode4_label,mode4_cost_usd
Q01_VM_AWS_8VCPU_16GB_FEASIBLE,dev,FORMAL_ENGLISH,Deploy an application requiring 8 vCPUs and 16GB RAM for under $300 a month on AWS.,FEASIBLE,121.48,WRONG_PLAN,280.32,WRONG_PLAN,242.94,CORRECT,121.48,CORRECT,121.48
Q02_VM_HINGLISH_8VCPU_16GB,dev,COLLOQUIAL_HINGLISH,Bhai AWS pe 8 vCPU aur 16GB RAM ka setup lagade 300 dollar per month ke andar.,FEASIBLE,121.48,WRONG_PLAN,399.20,WRONG_PLAN,242.94,CORRECT,121.48,CORRECT,121.48
Q03_VM_HINGLISH_WORDS_8VCPU_16GB,dev,COLLOQUIAL_HINGLISH,"Bhai mujhe AWS pe aath core aur solah gig RAM wala setup chahiye, budget teen sau dollar tak rakhna",FEASIBLE,121.48,WRONG_PLAN,280.32,WRONG_PLAN,280.32,RIGHT_ANSWER_WRONG_READING,30.37,CORRECT,121.48
Q04_VM_AWS_16VCPU_64GB_INFEASIBLE,eval,FORMAL_ENGLISH,I need 16 vCPUs and 64GB RAM on AWS for under $450 a month.,INFEASIBLE,,WRONG_OUTCOME,,CORRECT_REFUSAL,,CORRECT_REFUSAL,485.88,CORRECT_REFUSAL,485.88
Q05_VM_HINGLISH_16VCPU_64GB_INFEASIBLE,dev,COLLOQUIAL_HINGLISH,"Bhai mujhe AWS pe ek server setup chahiye, 16 vCPU aur 64GB RAM wala, lekin budget sirf 450 dollar per month hai, kuch jugaad karke sabse sasta nikaal do yaar",INFEASIBLE,,WRONG_OUTCOME,450.00,CORRECT_REFUSAL,,CORRECT_REFUSAL,485.88,CORRECT_REFUSAL,485.88
Q06_VM_AWS_64VCPU_256GB_INFEASIBLE,dev,CONFLICTING_CONSTRAINTS,Deploy a massive database requiring 64 vCPUs and 256GB RAM on AWS for under 10 dollar a month,INFEASIBLE,,CORRECT_REFUSAL,,CORRECT_REFUSAL,,CORRECT_REFUSAL,1943.52,CORRECT_REFUSAL,1943.52
Q07_VM_AWS_MISSING_BUDGET,dev,MISSING_OR_AMBIGUOUS,I need a server on AWS with 8 vCPUs and 16GB RAM,CLARIFICATION_REQUIRED,,WRONG_OUTCOME,248.20,WRONG_OUTCOME,,WRONG_OUTCOME,121.48,WRONG_OUTCOME,
Q08_VM_AWS_MISSING_SPECS,eval,MISSING_OR_AMBIGUOUS,I need a cheap server on AWS under 200 dollar a month,CLARIFICATION_REQUIRED,,WRONG_OUTCOME,30.37,WRONG_OUTCOME,60.74,WRONG_OUTCOME,30.37,CORRECT_REFUSAL,
Q09_VM_AZURE_GCP_4VCPU_8GB,eval,FORMAL_ENGLISH,Need 4 vCPUs and 8GB RAM on Azure or GCP for under $150 a month.,FEASIBLE,97.82,WRONG_PLAN,140.16,WRONG_PLAN,97.82,CORRECT,97.82,CORRECT,97.82
Q10_VM_HINGLISH_GCP_AZURE_8VCPU_32GB,eval,COLLOQUIAL_HINGLISH,"Yaar GCP ya Azure kahin bhi chalega, bas aath core aur battees gig RAM chahiye, teen sau pachaas dollar se zyada nahi",FEASIBLE,195.64,WRONG_PLAN,293.46,WRONG_PLAN,195.64,RIGHT_ANSWER_WRONG_READING,97.82,RIGHT_ANSWER_WRONG_READING,293.46
Q11_DR_AWS_GCP_50MS_600USD_FEASIBLE,dev,FORMAL_ENGLISH,We need disaster recovery setup across AWS and GCP with 99.99% SLA and max 50ms latency under $600/month.,FEASIBLE,243.00,WRONG_PLAN,586.19,WRONG_PLAN,243.00,CORRECT,243.00,CORRECT,243.00
Q12_DR_HINGLISH_DIGITS_50MS_600USD,eval,COLLOQUIAL_HINGLISH,"Bhai AWS aur GCP dono pe disaster recovery chahiye, 99.99 percent uptime, 50 millisecond se kam latency, budget 600 dollar",FEASIBLE,243.00,WRONG_PLAN,158.56,WRONG_PLAN,243.00,RIGHT_ANSWER_WRONG_READING,243.00,CORRECT,243.00
Q13_DR_HINGLISH_WORDS_50MS_600USD,dev,COLLOQUIAL_HINGLISH,"Bhai AWS aur GCP dono pe disaster recovery chahiye, 99.99 percent uptime, latency pachaas millisecond se kam, budget chhe sau dollar",FEASIBLE,243.00,WRONG_OUTCOME,,WRONG_OUTCOME,,RIGHT_ANSWER_WRONG_READING,243.00,CORRECT,243.00
Q14_DR_AWS_GCP_100USD_INFEASIBLE,eval,FORMAL_ENGLISH,Disaster recovery across AWS and GCP with 99.99% SLA and max 50ms latency under $100 a month.,INFEASIBLE,,WRONG_OUTCOME,243.00,CORRECT_REFUSAL,,CORRECT_REFUSAL,0.00,CORRECT_REFUSAL,0.00
Q15_DR_AWS_GCP_10MS_INFEASIBLE,eval,CONFLICTING_CONSTRAINTS,Disaster recovery across AWS and GCP with 99.99% SLA and max 10ms latency under $600 a month.,INFEASIBLE,,CORRECT_REFUSAL,,CORRECT_REFUSAL,,CORRECT_REFUSAL,0.00,CORRECT_REFUSAL,0.00
Q16_DR_MISSING_BUDGET,eval,MISSING_OR_AMBIGUOUS,I need disaster recovery across two clouds.,CLARIFICATION_REQUIRED,,WRONG_OUTCOME,3.00,WRONG_OUTCOME,243.00,WRONG_OUTCOME,266.25,CORRECT_REFUSAL,
Q17_SCALING_300MBPS_60CPU_FEASIBLE,eval,FORMAL_ENGLISH,Dynamic scaling for 300 Mbps peak workload with maximum CPU 60 percent under $1500.,FEASIBLE,339.00,WRONG_PLAN,339.00,WRONG_PLAN,339.00,RIGHT_ANSWER_WRONG_READING,249.00,WRONG_OUTCOME,
Q18_SCALING_HINGLISH_300MBPS_60CPU,eval,COLLOQUIAL_HINGLISH,"Bhai peak pe 300 Mbps traffic aayega, CPU 60 percent se upar nahi jaana chahiye, budget 1500 dollar",FEASIBLE,339.00,WRONG_PLAN,885.57,WRONG_PLAN,339.00,RIGHT_ANSWER_WRONG_READING,249.00,WRONG_OUTCOME,
Q19_SCALING_CONFLICTING_CPU_TARGET_CEILING,dev,CONFLICTING_CONSTRAINTS,Dynamic scaling for 300 Mbps peak workload with target CPU 70 percent and strict maximum CPU ceiling of 60 percent under 1500 dollar,CONFLICTING_REQUIREMENTS,,WRONG_OUTCOME,799.59,CORRECT_REFUSAL,,WRONG_OUTCOME,249.00,CORRECT_REFUSAL,
Q20_SCALING_1000MBPS_30CPU_INFEASIBLE,eval,CONFLICTING_CONSTRAINTS,Dynamic scaling for 1000 Mbps with maximum CPU 30 percent under 200 dollar.,INFEASIBLE,,WRONG_OUTCOME,,CORRECT_REFUSAL,,CORRECT_REFUSAL,710.00,CORRECT_REFUSAL,800.00
Q21_SCALING_MISSING_WORKLOAD,dev,MISSING_OR_AMBIGUOUS,Continuous dynamic scaling with target CPU 70% under $1500,CLARIFICATION_REQUIRED,,WRONG_OUTCOME,702.34,WRONG_OUTCOME,787.20,WRONG_OUTCOME,98.40,CORRECT_REFUSAL,
Q22_UNSUPPORTED_GPU_H100_TRAINING,dev,UNSUPPORTED_TASKS,Train a transformer model on 8 H100 GPUs for two weeks and tell me the cheapest option,UNSUPPORTED,,CORRECT_REFUSAL,,CORRECT_REFUSAL,,CORRECT_REFUSAL,,CORRECT_REFUSAL,
Q23_UNSUPPORTED_BIRYANI_RECIPE,eval,UNSUPPORTED_TASKS,What is the best recipe for biryani for 20 people?,UNSUPPORTED,,CORRECT_REFUSAL,,CORRECT_REFUSAL,,CORRECT_REFUSAL,,CORRECT_REFUSAL,
Q24_UNSUPPORTED_ORACLE_DB_MIGRATION,eval,UNSUPPORTED_TASKS,Migrate my on-premise Oracle database to the cloud and tell me how long it will take.,UNSUPPORTED,,CORRECT_REFUSAL,,WRONG_OUTCOME,,CORRECT_REFUSAL,,CORRECT_REFUSAL,
Q25_CONFLICTING_CHEAPEST_AND_HIGHEST_PERFORMANCE,eval,CONFLICTING_CONSTRAINTS,Give me the cheapest and also the highest-performance server on AWS under 200 dollar.,CLARIFICATION_REQUIRED,,WRONG_OUTCOME,,WRONG_OUTCOME,140.16,WRONG_OUTCOME,30.37,CORRECT_REFUSAL,
Q26_BOUNDARY_VM_UNDER_121_INFEASIBLE,dev,FORMAL_ENGLISH,Deploy 8 vCPUs and 16GB RAM on AWS for under 121 dollar a month,INFEASIBLE,,CORRECT_REFUSAL,,CORRECT_REFUSAL,,CORRECT_REFUSAL,242.94,CORRECT_REFUSAL,242.94
Q27_BOUNDARY_VM_UNDER_122_FEASIBLE,dev,FORMAL_ENGLISH,Deploy 8 vCPUs and 16GB RAM on AWS for under 122 dollar a month,FEASIBLE,121.48,UNPARSEABLE,,WRONG_OUTCOME,,CORRECT,121.48,CORRECT,121.48
Q28_BOUNDARY_DR_UNDER_240_INFEASIBLE,dev,FORMAL_ENGLISH,Disaster recovery across AWS and GCP with 99.99 percent SLA and max 50ms latency under 240 dollar a month,INFEASIBLE,,WRONG_OUTCOME,,CORRECT_REFUSAL,,CORRECT_REFUSAL,0.00,CORRECT_REFUSAL,0.00
Q29_BOUNDARY_DR_UNDER_250_FEASIBLE,dev,FORMAL_ENGLISH,Disaster recovery across AWS and GCP with 99.99 percent SLA and max 50ms latency under 250 dollar a month,FEASIBLE,243.00,WRONG_OUTCOME,,WRONG_PLAN,243.00,RIGHT_ANSWER_WRONG_READING,243.00,CORRECT,243.00
