query_id,scenario_family_id,query_text,category,intended_archetype,expected_outcome,required_vcpus,required_ram_gb,target_bandwidth_mbps,target_cpu_pct,max_cpu_pct,latency_max_ms,sla_availability_pct,budget_max_usd,cloud_providers,annotation_source,approval_status
Q01_VM_FORMAL_BASIC,FAM_VM_01_COMPUTE,Deploy an application requiring 8 vCPUs and 16GB RAM for under $300 a month on AWS.,FORMAL_ENGLISH,ILP_VM_Allocation,FEASIBLE,8,16,,,,,,300,"[""AWS""]",AI_DRAFT/DEVELOPMENT,UNAPPROVED
Q02_VM_HINGLISH_COMPUTE,FAM_VM_01_COMPUTE,Bhai AWS pe 8 vCPU aur 16GB RAM ka setup lagade 300 dollar per month ke andar.,COLLOQUIAL_HINGLISH,ILP_VM_Allocation,FEASIBLE,8,16,,,,,,300,"[""AWS""]",AI_DRAFT/DEVELOPMENT,UNAPPROVED
Q03_VM_HIGH_MEM,FAM_VM_01_COMPUTE,We need high memory instances totaling 32GB RAM and 4 vCPUs on AWS with budget $250.,FORMAL_ENGLISH,ILP_VM_Allocation,FEASIBLE,4,32,,,,,,250,"[""AWS""]",AI_DRAFT/DEVELOPMENT,UNAPPROVED
Q04_VM_AZURE_GCP_MULTI,FAM_VM_01_COMPUTE,Provision 4 vCPUs and 16GB RAM across Azure or GCP under $150 monthly limit.,FORMAL_ENGLISH,ILP_VM_Allocation,FEASIBLE,4,16,,,,,,150,"[""Azure"", ""GCP""]",AI_DRAFT/DEVELOPMENT,UNAPPROVED
Q05_VM_INCOMPLETE_BUDGET,FAM_VM_01_COMPUTE,I want to run a web backend with 8 vCPUs and 16GB RAM on AWS.,MISSING_OR_AMBIGUOUS,ILP_VM_Allocation,CLARIFICATION_REQUIRED,8,16,,,,,,,"[""AWS""]",AI_DRAFT/DEVELOPMENT,UNAPPROVED
Q06_VM_IMPOSSIBLE_BUDGET,FAM_VM_01_COMPUTE,Deploy a massive database requiring 64 vCPUs and 256GB RAM on AWS for under $10 a month.,CONFLICTING_CONSTRAINTS,ILP_VM_Allocation,INFEASIBLE,64,256,,,,,,10,"[""AWS""]",AI_DRAFT/DEVELOPMENT,UNAPPROVED
Q07_SCALE_FORMAL_BASIC,FAM_SCALE_02_TRAFFIC,Continuous dynamic scaling with target CPU 70% and offered traffic 150 Mbps under $1500 monthly budget.,FORMAL_ENGLISH,PSO_Continuous_Scaling,FEASIBLE,,,150,70,,,,1500,"[""AWS""]",AI_DRAFT/DEVELOPMENT,UNAPPROVED
Q08_SCALE_HINGLISH,FAM_SCALE_02_TRAFFIC,"Traffic 200 Mbps tak aayega, CPU utilization 70% maintain rakhna hai, budget 1500 USD per month hai.",COLLOQUIAL_HINGLISH,PSO_Continuous_Scaling,FEASIBLE,,,200,70,,,,1500,"[""AWS""]",AI_DRAFT/DEVELOPMENT,UNAPPROVED
Q09_SCALE_HARD_CEILING,FAM_SCALE_02_TRAFFIC,Dynamic scaling for 300 Mbps peak workload with target CPU 70% and strict maximum CPU ceiling of 60% under $1500.,FORMAL_ENGLISH,PSO_Continuous_Scaling,FEASIBLE,,,300,70,60,,,1500,"[""AWS""]",AI_DRAFT/DEVELOPMENT,UNAPPROVED
Q10_SCALE_OVERLOAD_PREVENT,FAM_SCALE_02_TRAFFIC,Continuous auto-scaling for 100 Mbps traffic stream under $1000 budget with 70% target utilization.,FORMAL_ENGLISH,PSO_Continuous_Scaling,FEASIBLE,,,100,70,,,,1000,"[""AWS""]",AI_DRAFT/DEVELOPMENT,UNAPPROVED
Q11_SCALE_MISSING_BW,FAM_SCALE_02_TRAFFIC,Configure continuous auto-scaling to maintain 70% target CPU on AWS under $1200.,MISSING_OR_AMBIGUOUS,PSO_Continuous_Scaling,CLARIFICATION_REQUIRED,,,,70,,,,1200,"[""AWS""]",AI_DRAFT/DEVELOPMENT,UNAPPROVED
Q12_SCALE_IMPOSSIBLE_BUDGET,FAM_SCALE_02_TRAFFIC,Scale continuous replicas to handle 800 Mbps traffic under strict $30 a month budget cap.,CONFLICTING_CONSTRAINTS,PSO_Continuous_Scaling,INFEASIBLE,,,800,,,,,30,"[""AWS""]",AI_DRAFT/DEVELOPMENT,UNAPPROVED
Q13_DR_FORMAL_AWS_GCP,FAM_DR_03_REGION,We need disaster recovery setup across AWS and GCP with 99.99% SLA and max 50ms latency under $600/month.,FORMAL_ENGLISH,Z3_Graph_Disaster_Recovery,FEASIBLE,,,,,,50,99.99,600,"[""AWS"", ""GCP""]",AI_DRAFT/DEVELOPMENT,UNAPPROVED
Q14_DR_HINGLISH,FAM_DR_03_REGION,"Disaster recovery plan banana hai AWS aur Azure ke beech, latency 50ms se kam aur 99.99% availability under 800 USD.",COLLOQUIAL_HINGLISH,Z3_Graph_Disaster_Recovery,FEASIBLE,,,,,,50,99.99,800,"[""AWS"", ""Azure""]",AI_DRAFT/DEVELOPMENT,UNAPPROVED
Q15_DR_EXPLICIT_REGIONS,FAM_DR_03_REGION,Topological disaster recovery between us-east-1 and us-west-2 with max 70ms latency and $850 budget.,FORMAL_ENGLISH,Z3_Graph_Disaster_Recovery,FEASIBLE,,,,,,70,99.95,850,"[""AWS""]",AI_DRAFT/DEVELOPMENT,UNAPPROVED
Q16_DR_TIGHT_LATENCY,FAM_DR_03_REGION,Disaster recovery across independent failure domains with 99.99% SLA and ultra-low latency <= 20ms under $500.,FORMAL_ENGLISH,Z3_Graph_Disaster_Recovery,FEASIBLE,,,,,,20,99.99,500,"[""AWS"", ""Azure""]",AI_DRAFT/DEVELOPMENT,UNAPPROVED
Q17_DR_MISSING_PROVIDERS,FAM_DR_03_REGION,Design a disaster recovery topology with 99.99% composite availability.,MISSING_OR_AMBIGUOUS,Z3_Graph_Disaster_Recovery,CLARIFICATION_REQUIRED,,,,,,,99.99,,"[""AWS""]",AI_DRAFT/DEVELOPMENT,UNAPPROVED
Q18_DR_IMPOSSIBLE_LATENCY,FAM_DR_03_REGION,Multi-region DR between US East and Europe with max 5ms latency under $1000.,CONFLICTING_CONSTRAINTS,Z3_Graph_Disaster_Recovery,INFEASIBLE,,,,,,5,99.99,1000,"[""AWS""]",AI_DRAFT/DEVELOPMENT,UNAPPROVED
Q19_UNSUPPORTED_QUANTUM,FAM_OUT_04_UNSUPPORTED,Optimize quantum circuit depth using tensor network state contraction algorithms.,UNSUPPORTED_TASKS,NONE,UNSUPPORTED,,,,,,,,,"[""AWS""]",AI_DRAFT/DEVELOPMENT,UNAPPROVED
Q20_UNSUPPORTED_SQL,FAM_OUT_04_UNSUPPORTED,Write a PostgreSQL query with recursive CTE to compute graph reachability in customer tables.,UNSUPPORTED_TASKS,NONE,UNSUPPORTED,,,,,,,,,"[""AWS""]",AI_DRAFT/DEVELOPMENT,UNAPPROVED
Q21_UNSUPPORTED_K8S_STORAGE,FAM_OUT_04_UNSUPPORTED,Configure Kubernetes PersistentVolumeClaim with ReadWriteMany Ceph CSI driver.,UNSUPPORTED_TASKS,NONE,UNSUPPORTED,,,,,,,,,"[""AWS""]",AI_DRAFT/DEVELOPMENT,UNAPPROVED
Q22_UNSUPPORTED_HINGLISH_CHITCHAT,FAM_OUT_04_UNSUPPORTED,Kal ka cricket match kaisa tha aur Virat Kohli ne kitne run banaye?,UNSUPPORTED_TASKS,NONE,UNSUPPORTED,,,,,,,,,"[""AWS""]",AI_DRAFT/DEVELOPMENT,UNAPPROVED
Q23_UNSUPPORTED_IMAGE_GEN,FAM_OUT_04_UNSUPPORTED,Generate a photorealistic image of a futuristic cloud datacenter in neon cyberpunk style.,UNSUPPORTED_TASKS,NONE,UNSUPPORTED,,,,,,,,,"[""AWS""]",AI_DRAFT/DEVELOPMENT,UNAPPROVED
Q24_UNSUPPORTED_CODE_TRANSLATION,FAM_OUT_04_UNSUPPORTED,Translate this C++20 coroutine template into equivalent Rust async/await code.,UNSUPPORTED_TASKS,NONE,UNSUPPORTED,,,,,,,,,"[""AWS""]",AI_DRAFT/DEVELOPMENT,UNAPPROVED
Q25_VM_INR_CURRENCY,FAM_VM_05_EXTENDED,Deploy 4 vCPUs and 8GB RAM on AWS with monthly budget Rs 10000.,COLLOQUIAL_HINGLISH,ILP_VM_Allocation,FEASIBLE,4,8,,,,,,120,"[""AWS""]",AI_DRAFT/DEVELOPMENT,UNAPPROVED
Q26_VM_STRICT_AWS_AZURE,FAM_VM_05_EXTENDED,Allocate 16 vCPUs and 32GB RAM strictly on AWS or Azure under $400/month.,FORMAL_ENGLISH,ILP_VM_Allocation,FEASIBLE,16,32,,,,,,400,"[""AWS"", ""Azure""]",AI_DRAFT/DEVELOPMENT,UNAPPROVED
Q27_VM_COLLOQUIAL_CHEAP,FAM_VM_05_EXTENDED,"Need cheap VMs for small microservices: 2 vCPUs and 4GB RAM on AWS, budget $50.",COLLOQUIAL_HINGLISH,ILP_VM_Allocation,FEASIBLE,2,4,,,,,,50,"[""AWS""]",AI_DRAFT/DEVELOPMENT,UNAPPROVED
Q28_SCALE_COLLOQUIAL_SPIKE,FAM_SCALE_05_EXTENDED,Handle continuous traffic load of 250 Mbps with 70% CPU target within $1200 monthly spend.,COLLOQUIAL_HINGLISH,PSO_Continuous_Scaling,FEASIBLE,,,250,70,,,,1200,"[""AWS""]",AI_DRAFT/DEVELOPMENT,UNAPPROVED
Q29_SCALE_MAX_BANDWIDTH,FAM_SCALE_05_EXTENDED,Continuous scaling up to 1000 Mbps maximum bandwidth with target CPU 70% under $1800.,FORMAL_ENGLISH,PSO_Continuous_Scaling,FEASIBLE,,,1000,70,,,,1800,"[""AWS""]",AI_DRAFT/DEVELOPMENT,UNAPPROVED
Q30_DR_THREE_REGIONS_PROMPT,FAM_DR_05_EXTENDED,Set up active-passive failover between US East and US Central on AWS and GCP with 99.95% availability under $400.,FORMAL_ENGLISH,Z3_Graph_Disaster_Recovery,FEASIBLE,,,,,,50,99.95,400,"[""AWS"", ""GCP""]",AI_DRAFT/DEVELOPMENT,UNAPPROVED
Q31_DR_ZERO_LATENCY_IMPOSSIBLE,FAM_DR_05_EXTENDED,Disaster recovery across independent data centers with zero latency (0ms) and 100% availability.,CONFLICTING_CONSTRAINTS,Z3_Graph_Disaster_Recovery,INFEASIBLE,,,,,,0,100,5000,"[""AWS""]",AI_DRAFT/DEVELOPMENT,UNAPPROVED
Q32_VM_CONFLICTING_VCPU_RAM,FAM_VM_05_EXTENDED,Allocate 128 vCPUs and 512GB RAM for $20 a month total.,CONFLICTING_CONSTRAINTS,ILP_VM_Allocation,INFEASIBLE,128,512,,,,,,20,"[""AWS""]",AI_DRAFT/DEVELOPMENT,UNAPPROVED
Q33_AMBIGUOUS_CLOUD_SETUP,FAM_MISC_05_EXTENDED,Can you please optimize my cloud infrastructure to be faster and cheaper?,MISSING_OR_AMBIGUOUS,NONE,CLARIFICATION_REQUIRED,,,,,,,,,"[""AWS""]",AI_DRAFT/DEVELOPMENT,UNAPPROVED
Q34_AMBIGUOUS_SCALE_REPLICAS,FAM_SCALE_05_EXTENDED,Scale my replicas up when traffic increases.,MISSING_OR_AMBIGUOUS,PSO_Continuous_Scaling,CLARIFICATION_REQUIRED,,,,,,,,,"[""AWS""]",AI_DRAFT/DEVELOPMENT,UNAPPROVED
Q35_UNSUPPORTED_DNS_SETUP,FAM_OUT_05_EXTENDED,Configure Route53 DNS weighted routing policy with health checks for Apex record.,UNSUPPORTED_TASKS,NONE,UNSUPPORTED,,,,,,,,,"[""AWS""]",AI_DRAFT/DEVELOPMENT,UNAPPROVED
Q36_UNSUPPORTED_AUTH0_OAUTH,FAM_OUT_05_EXTENDED,Integrate Auth0 OAuth2 PKCE flow in React frontend with refresh token rotation.,UNSUPPORTED_TASKS,NONE,UNSUPPORTED,,,,,,,,,"[""AWS""]",AI_DRAFT/DEVELOPMENT,UNAPPROVED
